id,full_name,email,phone_number,salary,department,cin,iban
1,Ahmed Benali,ahmed.benali@company.com,+212612345678,8500,IT,AB123456,MA6400781234567890123456
2,Fatima Zahra,fatima.z@gmail.com,0655554433,9200,HR,CD987654,MA6400789876543210987654
3,Karim Tazi,karim.tazi@broken-email,0661112233,12500,Finance,EF112233,MA64001122334455667788
4,Layla Alami,,+212 600-000000,7800,Marketing,GH556677,MA6400112233445566778899
5,Omar Drissi,omar.drissi@yahoo.fr,0522123456,15000,Management,IJ998877,MA64554433221100998877
6,Samira Tazi,samira.t@company.com,0611223344,8500000,IT,KL123123,MA6412341234123412341234
7,Test User,test.user@domain.com,123456,4000,Intern,MN456456,MA0000000000000000000000
